wall_id,l_hand_position,r_hand_position,hip_rotation,l_leg_position,r_leg_position,body_position,energy_used
11,"(-2.043876, 0.5357432, -0.8914454)","(0, 0, 0)","(453.059, 94.10162, 25.0004)","(0.01058383, 0.08490694, -0.4380736)","(0, 0, 0)","(1.345, -1.345, 64.10172)","750.0947"
11,"(-2.043876, 0.5357432, -0.8914454)","(0, 0, 0)","(453.059, 94.10162, 25.0004)","(0.01058383, 0.08490694, -0.4380736)","(0, 0, 0)","(1.345, -1.345, 64.10172)","750.093"
11,"(-2.043876, 0.5357432, -0.8914454)","(0, 0, 0)","(453.059, 94.10162, 25.0004)","(0.01058383, 0.08490694, -0.4380736)","(0, 0, 0)","(1.345, -1.345, 64.10172)","746.6974"
11,"(-2.043876, 0.5357432, -0.8914454)","(0, 0, 0)","(453.059, 94.10162, 25.0004)","(0.01058383, 0.08490694, -0.4380736)","(0, 0, 0)","(1.345, -1.345, 64.10172)","750.0889"
11,"(-2.043876, 0.5357432, -0.8914454)","(0, 0, 0)","(453.059, 94.10162, 25.0004)","(0.01058383, 0.08490694, -0.4380736)","(0, 0, 0)","(1.345, -1.345, 64.10172)","750.0935"
11,"(-2.043876, 0.5357432, -0.8914454)","(0, 0, 0)","(453.059, 94.10162, 25.0004)","(0.01058383, 0.08490694, -0.4380736)","(0, 0, 0)","(1.345, -1.345, 64.10172)","750.0656"
11,"(-2.043876, 0.5357432, -0.8914454)","(0, 0, 0)","(453.059, 94.10162, 25.0004)","(0.01058383, 0.08490694, -0.4380736)","(0, 0, 0)","(1.345, -1.345, 64.10172)","750.0951"
11,"(-2.043876, 0.5357432, -0.8914454)","(0, 0, 0)","(453.059, 94.10162, 25.0004)","(0.01058383, 0.08490694, -0.4380736)","(0, 0, 0)","(1.345, -1.345, 64.10172)","749.6601"
11,"(-2.043876, 0.5357432, -0.8914454)","(0, 0, 0)","(453.059, 94.10162, 25.0004)","(0.01058383, 0.08490694, -0.4380736)","(0, 0, 0)","(1.345, -1.345, 64.10172)","750.0933"
