{"count":1,"self":2470.8765696,"total":2619.5236320999998,"children":{"InitializeActuators":{"count":32,"self":0.0030539,"total":0.0030539,"children":null},"InitializeSensors":{"count":32,"self":0.0010006,"total":0.0010006,"children":null},"AgentSendState":{"count":597634,"self":1.8074535999999999,"total":4.7953338,"children":{"CollectObservations":{"count":30208,"self":2.3884846,"total":2.3884846,"children":null},"WriteActionMask":{"count":30208,"self":0.0160724,"total":0.0160724,"children":null},"RequestDecision":{"count":30208,"self":0.054501799999999996,"total":0.5833231,"children":{"AgentInfo.ToProto":{"count":30208,"self":0.042498499999999995,"total":0.52882129999999994,"children":{"GenerateSensorData":{"count":30208,"self":0.4863228,"total":0.4863228,"children":null}}}}}}},"DecideAction":{"count":597634,"self":141.57383679999998,"total":141.5738347,"children":null},"AgentAct":{"count":597634,"self":1.4607598,"total":1.4607598,"children":null},"AgentInfo.ToProto":{"count":30176,"self":0.14958939999999998,"total":0.81208629999999993,"children":{"GenerateSensorData":{"count":30176,"self":0.66249689999999994,"total":0.66249689999999994,"children":null}}}},"gauges":{"Dodge Wall.CumulativeReward":{"count":30176,"max":0.9153641,"min":-13.7121115,"runningAverage":-8.069995,"value":-12.1870737,"weightedAverage":-7.577218}},"metadata":{"timer_format_version":"0.1.0","start_time_seconds":"1766543507","unity_version":"2022.3.11f1","command_line_arguments":"C:\\Program Files\\Unity\\Hub\\Editor\\2022.3.11f1\\Editor\\Unity.exe -projectpath C:\\Users\\W\\Documents\\GitHub\\Hole_in_Wall_RL_agents\\HoleInTheWallv3 -useHub -hubIPC -cloudEnvironment production -licensingIpc LicenseClient-W -hubSessionId 322bbc00-93ba-4128-a924-564e39bb9357 -accessToken ZGvUYnx1tQpkUdQuAaQ-RzbxbdlzXe9hKdZJ0WEkpbI002f","communication_protocol_version":"1.5.0","com.unity.ml-agents_version":"2.0.2","scene_name":"ML_Training","end_time_seconds":"1766546126"}}