{"count":1,"self":14787.128524799999,"total":15648.8441214,"children":{"InitializeActuators":{"count":32,"self":0.0040920999999999996,"total":0.0040920999999999996,"children":null},"InitializeSensors":{"count":32,"self":0.0015133,"total":0.0015133,"children":null},"AgentSendState":{"count":3553717,"self":10.718244,"total":33.1624844,"children":{"CollectObservations":{"count":194976,"self":13.849940799999999,"total":13.849941,"children":null},"WriteActionMask":{"count":194976,"self":0.1312204,"total":0.1312204,"children":null},"RequestDecision":{"count":194976,"self":0.3650537,"total":8.4630788,"children":{"AgentInfo.ToProto":{"count":194976,"self":0.23355489999999998,"total":8.0980251,"children":{"GenerateSensorData":{"count":194976,"self":7.8644704,"total":7.8644701999999995,"children":null}}}}}}},"DecideAction":{"count":3553717,"self":814.0350976,"total":814.0351213,"children":null},"AgentAct":{"count":3553717,"self":7.5754888,"total":7.5754889999999993,"children":null},"AgentInfo.ToProto":{"count":194944,"self":1.0252904999999999,"total":6.9358986,"children":{"GenerateSensorData":{"count":194944,"self":5.910608,"total":5.9106081,"children":null}}}},"gauges":{"Dodge Wall.CumulativeReward":{"count":194944,"max":8638.959,"min":-183.665039,"runningAverage":-15.4141731,"value":-35.2011833,"weightedAverage":8.455672}},"metadata":{"timer_format_version":"0.1.0","start_time_seconds":"1763156005","unity_version":"2022.3.11f1","command_line_arguments":"C:\\Program Files\\Unity\\Hub\\Editor\\2022.3.11f1\\Editor\\Unity.exe -projectpath C:\\Users\\W\\Documents\\GitHub\\Hole_in_Wall_RL_agents\\HoleInTheWallv3 -useHub -hubIPC -cloudEnvironment production -licensingIpc LicenseClient-W -hubSessionId 41ec538b-543c-45ce-8ba4-8719e8b82d77 -accessToken p35AIUKLigTQdvJ2m6jHp0sRo8REgI7qd0enug2JV3o002f","communication_protocol_version":"1.5.0","com.unity.ml-agents_version":"2.0.2","scene_name":"ML_Training","end_time_seconds":"1763171654"}}