{"count":1,"self":62304.4788224,"total":65626.9567546,"children":{"InitializeActuators":{"count":32,"self":0.0010002,"total":0.0010002,"children":null},"InitializeSensors":{"count":32,"self":0.0010000999999999999,"total":0.0010000999999999999,"children":null},"AgentSendState":{"count":13426411,"self":40.825264,"total":118.2069581,"children":{"CollectObservations":{"count":678400,"self":53.019008,"total":53.019006999999995,"children":null},"WriteActionMask":{"count":678400,"self":0.5029253,"total":0.5029253,"children":null},"RequestDecision":{"count":678400,"self":1.208393,"total":23.8597629,"children":{"AgentInfo.ToProto":{"count":678400,"self":0.78476609999999991,"total":22.6513699,"children":{"GenerateSensorData":{"count":678400,"self":21.8666032,"total":21.8666038,"children":null}}}}}}},"DecideAction":{"count":13426411,"self":3143.2777727999996,"total":3143.2776909,"children":null},"AgentAct":{"count":13426411,"self":33.8359552,"total":33.8359565,"children":null},"AgentInfo.ToProto":{"count":678368,"self":3.8352484,"total":27.1571389,"children":{"GenerateSensorData":{"count":678368,"self":23.3218912,"total":23.321890399999997,"children":null}}}},"gauges":{"Dodge Wall.CumulativeReward":{"count":678368,"max":0.9991449,"min":-12.9306164,"runningAverage":0.100284621,"value":-2.01070714,"weightedAverage":-0.2340093}},"metadata":{"timer_format_version":"0.1.0","start_time_seconds":"1768178964","unity_version":"2022.3.11f1","command_line_arguments":"C:\\Program Files\\Unity\\Hub\\Editor\\2022.3.11f1\\Editor\\Unity.exe -projectpath C:\\Users\\W\\Documents\\GitHub\\Hole_in_Wall_RL_agents\\HoleInTheWallv3 -useHub -hubIPC -cloudEnvironment production -licensingIpc LicenseClient-W -hubSessionId 1e6a2b31-a057-4712-84b9-e33604b410ce -accessToken p4ZWQnOmffbE7XANVE5wnslplk-K23P5Syz8UuxK0E4002f","communication_protocol_version":"1.5.0","com.unity.ml-agents_version":"2.0.2","scene_name":"ML_Training","end_time_seconds":"1768244591"}}